{
    "model_type": "gin",
    "train_losses": [
        0.4292706534552422,
        0.2586485943052052,
        0.2671157421587881,
        0.1880773241077659,
        0.2281878496538093,
        0.17057184102947015,
        0.1904011714433048,
        0.18307071453981053,
        0.13375822389557926,
        0.12085031554388848,
        0.1279877063307935,
        0.11846607002113928,
        0.09549087387666519,
        0.12940524899756223,
        0.09818644672314496,
        0.11905113390005474,
        0.1075720338742616,
        0.07721116659102409,
        0.10608726752592303,
        0.11042406430630795,
        0.10246668660691552,
        0.09527585520418977,
        0.08309266339741282,
        0.09896962595646823,
        0.07795645331523057,
        0.10297876710830721,
        0.09216670784106387,
        0.07902691251179303,
        0.05875615661205259,
        0.06854857494836168,
        0.03812190905403989,
        0.041254645797298914
    ],
    "val_losses": [
        0.23817154720648012,
        0.6732169721850115,
        0.149680826349638,
        0.27102735846196835,
        0.1855593887134571,
        0.38760850700869487,
        0.5227472384770712,
        0.11857522931413271,
        0.19423499086232326,
        0.7652630254403868,
        0.24846217949962734,
        0.18779030623868923,
        0.32855728787569266,
        0.09245601086993123,
        0.3929061846650062,
        0.06107149723528037,
        0.07218134393961868,
        0.5318092412468213,
        0.23440612569006522,
        0.28145396842885373,
        0.05710758965703385,
        0.05112776899738098,
        0.1129935193269407,
        0.3463060345815782,
        0.13200846314430237,
        0.34939635393038315,
        0.30469930868836775,
        0.4366238900084994,
        0.12206203738848369,
        0.11252543041065557,
        0.0848468835674115,
        0.13763768518742045
    ],
    "best_accuracy": 0.9603960396039604,
    "best_metrics": {
        "Facebook": {
            "precision": 0.9036144578313253,
            "recall": 1.0,
            "f1-score": 0.9493670886075949,
            "support": 75
        },
        "Enron": {
            "precision": 1.0,
            "recall": 0.9285714285714286,
            "f1-score": 0.9629629629629629,
            "support": 70
        },
        "Collaboration": {
            "precision": 1.0,
            "recall": 0.9473684210526315,
            "f1-score": 0.972972972972973,
            "support": 57
        },
        "accuracy": 0.9603960396039604,
        "macro avg": {
            "precision": 0.9678714859437751,
            "recall": 0.9586466165413534,
            "f1-score": 0.9617676748478438,
            "support": 202
        },
        "weighted avg": {
            "precision": 0.9642132887987594,
            "recall": 0.9603960396039604,
            "f1-score": 0.9607395965962202,
            "support": 202
        }
    },
    "args": {
        "num_samples": 500,
        "subgraph_size": 100,
        "num_epochs": 100,
        "learning_rate": 0.01,
        "batch_size": 32,
        "print_interval": 10,
        "patience": 10,
        "output_dir": "results_20250603_115754/gin",
        "model": "gin",
        "hidden_dim": 64,
        "num_heads": 4
    }
}