{
    "model_type": "sage",
    "train_losses": [
        0.35750441931359206,
        0.09501834171736663,
        0.09967081984485614,
        0.0680823282091752,
        0.04843701119680494,
        0.07041700358555063,
        0.054091969990056776,
        0.06574649941215062,
        0.052317072693764045,
        0.04062496476159246,
        0.06023990577533997,
        0.0376214506736488,
        0.046908796296332475,
        0.06084471216934708,
        0.05349835888764554,
        0.05016958207623073,
        0.06456677186728643,
        0.05867661129185514,
        0.046713234203437926,
        0.029073900992287974,
        0.03534042905619473,
        0.03285893232810519
    ],
    "val_losses": [
        0.11341698865701512,
        0.025809809465597317,
        0.046932073446308696,
        0.02940983648707227,
        0.03554473170420019,
        0.02665921440575181,
        0.031030705466684773,
        0.019545919804765683,
        0.024494887688537925,
        0.11430154808047341,
        0.03559938252608224,
        0.012347281749201256,
        0.052352509120615516,
        0.17102862669200433,
        0.08020572882236504,
        0.018258009651085226,
        0.025629325102015238,
        0.139622091229369,
        0.021027968311682344,
        0.016192318904554335,
        0.016482335165506456,
        0.018872697972806125
    ],
    "best_accuracy": 0.9951456310679612,
    "best_metrics": {
        "Facebook": {
            "precision": 1.0,
            "recall": 1.0,
            "f1-score": 1.0,
            "support": 72
        },
        "Enron": {
            "precision": 1.0,
            "recall": 0.9863013698630136,
            "f1-score": 0.993103448275862,
            "support": 73
        },
        "Collaboration": {
            "precision": 0.9838709677419355,
            "recall": 1.0,
            "f1-score": 0.991869918699187,
            "support": 61
        },
        "accuracy": 0.9951456310679612,
        "macro avg": {
            "precision": 0.9946236559139785,
            "recall": 0.9954337899543378,
            "f1-score": 0.9949911223250164,
            "support": 206
        },
        "weighted avg": {
            "precision": 0.9952239273410585,
            "recall": 0.9951456310679612,
            "f1-score": 0.995148625071788,
            "support": 206
        }
    },
    "args": {
        "num_samples": 500,
        "subgraph_size": 100,
        "num_epochs": 100,
        "learning_rate": 0.01,
        "batch_size": 32,
        "print_interval": 10,
        "patience": 10,
        "output_dir": "results_20250603_115754/sage",
        "model": "sage",
        "hidden_dim": 64,
        "num_heads": 4
    }
}