{
    "model_type": "gat",
    "train_losses": [
        0.42952097558063096,
        0.22289550030459507,
        0.14180555977679465,
        0.1442205487383286,
        0.1361942841700109,
        0.1543929330790841,
        0.1411250448378949,
        0.12730554172197134,
        0.10878418772367565,
        0.09941481251772355,
        0.08897759946702517,
        0.10841949616621202,
        0.09252010718162204,
        0.06563006416279882,
        0.057150383779777096,
        0.056051366209318734,
        0.04821165433345515,
        0.06694819451201861,
        0.044590830220964585,
        0.04797272146832867,
        0.062200255347584055,
        0.0721460851394313,
        0.06314007723337786,
        0.051224913709380294,
        0.05485361838647967,
        0.07181029212557168,
        0.04738693379507055,
        0.043415080138366355,
        0.03473440928861705,
        0.049844433287283316,
        0.06148365103341758,
        0.03448337462595115,
        0.04839098991531241,
        0.04262833372669,
        0.03656255393650276,
        0.04007729503754665,
        0.03592382585996016,
        0.039432750867361026,
        0.025511697443413937,
        0.035593987267373346,
        0.029253551342567147,
        0.039142089538616656,
        0.030669352601853366,
        0.025304379992733345
    ],
    "val_losses": [
        0.19684626471878278,
        0.20833465014353836,
        0.1342633065610829,
        0.16502615012744865,
        0.16017228896074956,
        0.18868390758438866,
        0.08319039126433948,
        0.08826275464921894,
        0.11916315821137759,
        0.11113811660521102,
        0.0924688665436046,
        0.11561959362266087,
        0.08706291816612281,
        0.0867390437143864,
        0.09050991312407031,
        0.08000144425152551,
        0.0752639897388987,
        0.08521635247634189,
        0.08137209617560452,
        0.07233918627890029,
        0.0965642426716219,
        0.11461611202742794,
        0.08013616384256005,
        0.07491468092297564,
        0.08376394297079284,
        0.06813566239163427,
        0.07721685795205654,
        0.07445679239854955,
        0.07730163661486442,
        0.0709243199170226,
        0.07772375110278626,
        0.08057854003687896,
        0.06522983917505434,
        0.062205090749971936,
        0.0812423753708896,
        0.08330054739766782,
        0.08292069741626187,
        0.07422556772385494,
        0.06474348537550115,
        0.0746392821247625,
        0.08335061091007573,
        0.08046554952933646,
        0.07383465597240052,
        0.07185618031659338
    ],
    "best_accuracy": 0.9900990099009901,
    "best_metrics": {
        "Facebook": {
            "precision": 1.0,
            "recall": 1.0,
            "f1-score": 1.0,
            "support": 83
        },
        "Enron": {
            "precision": 1.0,
            "recall": 0.967741935483871,
            "f1-score": 0.9836065573770492,
            "support": 62
        },
        "Collaboration": {
            "precision": 0.9661016949152542,
            "recall": 1.0,
            "f1-score": 0.9827586206896551,
            "support": 57
        },
        "accuracy": 0.9900990099009901,
        "macro avg": {
            "precision": 0.9887005649717514,
            "recall": 0.989247311827957,
            "f1-score": 0.9887883926889014,
            "support": 202
        },
        "weighted avg": {
            "precision": 0.9904346366840074,
            "recall": 0.9900990099009901,
            "f1-score": 0.9901032076073634,
            "support": 202
        }
    },
    "args": {
        "num_samples": 500,
        "subgraph_size": 100,
        "num_epochs": 100,
        "learning_rate": 0.01,
        "batch_size": 32,
        "print_interval": 10,
        "patience": 10,
        "output_dir": "results_20250603_115754/gat",
        "model": "gat",
        "hidden_dim": 64,
        "num_heads": 4
    }
}