{
    "model_type": "gat",
    "train_losses": [
        0.34747872345086905,
        0.16883465879354156,
        0.10362252076508618,
        0.09423579582396675,
        0.08129911292187807,
        0.07754303734874775,
        0.0750959385812533,
        0.062186836538945925,
        0.08806734704295126,
        0.07826400109950234,
        0.05972828770823339,
        0.04246760547912421,
        0.040862236954584845,
        0.03488206016408483,
        0.034536773393697595,
        0.033458080717965084,
        0.033184387219263665,
        0.025804432484657823,
        0.02503332376143574,
        0.024025793486673917,
        0.02107214045264766,
        0.02097323226171131
    ],
    "val_losses": [
        0.2262871002449709,
        0.09281410189235911,
        0.09134308409457113,
        0.14543078226201675,
        0.0711438417726872,
        0.17515053001104616,
        0.2060075069175047,
        0.1267061617736723,
        0.3473510637002833,
        0.13564116522377612,
        0.15391147107470268,
        0.06084996228124581,
        0.1107085589684692,
        0.10918273060929541,
        0.07947697037575292,
        0.13815074969156116,
        0.11980488830629517,
        0.10156255544108503,
        0.08785947083550341,
        0.10906345879330355,
        0.08001025769786507,
        0.12680908066092753
    ],
    "best_accuracy": 0.9852941176470589,
    "best_metrics": {
        "Facebook": {
            "precision": 1.0,
            "recall": 0.9863013698630136,
            "f1-score": 0.993103448275862,
            "support": 73
        },
        "Enron": {
            "precision": 1.0,
            "recall": 0.9722222222222222,
            "f1-score": 0.9859154929577465,
            "support": 72
        },
        "Collaboration": {
            "precision": 0.9516129032258065,
            "recall": 1.0,
            "f1-score": 0.9752066115702479,
            "support": 59
        },
        "accuracy": 0.9852941176470589,
        "macro avg": {
            "precision": 0.9838709677419355,
            "recall": 0.9861745306950787,
            "f1-score": 0.9847418509346189,
            "support": 204
        },
        "weighted avg": {
            "precision": 0.9860056925996206,
            "recall": 0.9852941176470589,
            "f1-score": 0.9853904769595113,
            "support": 204
        }
    },
    "args": {
        "num_samples": 500,
        "subgraph_size": 100,
        "num_epochs": 100,
        "learning_rate": 0.01,
        "batch_size": 32,
        "print_interval": 10,
        "patience": 10,
        "output_dir": "results",
        "model": "gat",
        "hidden_dim": 64,
        "num_heads": 4
    }
}