{
    "model_type": "gin",
    "train_losses": [
        0.30212853159152103,
        0.12716507021038012,
        0.11101087782426874,
        0.09202669027223483,
        0.07338476418288835,
        0.09271726753006036,
        0.058429561142762,
        0.06089652817922108,
        0.064756969005539,
        0.05871292165516561,
        0.07572560394211997,
        0.05815719088681564,
        0.04942820805111314,
        0.040756773495562025,
        0.035373652173846554,
        0.03327839729126033
    ],
    "val_losses": [
        0.08017403777779603,
        0.4608188472143034,
        0.23945662808127519,
        0.2399671783534492,
        0.3214359748654249,
        0.06968265012270067,
        0.669359595891906,
        0.526349897210191,
        0.46446334414365814,
        0.8340764842382291,
        0.4926375983691797,
        0.6995833065451645,
        0.6914610028266907,
        0.17842010732104138,
        0.2767663515195614,
        0.9096911407098538
    ],
    "best_accuracy": 0.8038976857490865,
    "best_metrics": {
        "0": {
            "precision": 0.9967637540453075,
            "recall": 0.9840255591054313,
            "f1-score": 0.9903536977491961,
            "support": 313.0
        },
        "1": {
            "precision": 0.6180048661800487,
            "recall": 0.996078431372549,
            "f1-score": 0.7627627627627628,
            "support": 255.0
        },
        "2": {
            "precision": 0.9702970297029703,
            "recall": 0.38735177865612647,
            "f1-score": 0.5536723163841808,
            "support": 253.0
        },
        "accuracy": 0.8038976857490865,
        "macro avg": {
            "precision": 0.8616885499761088,
            "recall": 0.7891519230447023,
            "f1-score": 0.7689295922987132,
            "support": 821.0
        },
        "weighted avg": {
            "precision": 0.8709664365492632,
            "recall": 0.8038976857490865,
            "f1-score": 0.7850965992024368,
            "support": 821.0
        }
    },
    "args": {
        "num_samples": 2000,
        "subgraph_size": 100,
        "num_epochs": 100,
        "learning_rate": 0.01,
        "batch_size": 32,
        "print_interval": 10,
        "patience": 10,
        "output_dir": "results_gin",
        "model": "gin",
        "hidden_dim": 64
    }
}