{
    "model_type": "transformer",
    "train_losses": [
        0.6644424643642024,
        0.34304973092518354,
        0.2726949690988189,
        0.250416635525854,
        0.22278274932974262,
        0.13357257268930736,
        0.1656687873445059,
        0.11581068310298417,
        0.11784324587959992,
        0.11579501859451595,
        0.06548754666196673,
        0.07319776675026668,
        0.1366854169729509,
        0.07473984588133661,
        0.10310448506945058,
        0.07595064053409978,
        0.041333148322607344,
        0.043145927394691266,
        0.05000007690567719,
        0.039315318535817295,
        0.055566217303276065,
        0.0794111484602878,
        0.07189627335259789,
        0.047318272616126034,
        0.03283735444671229,
        0.035132443643616215,
        0.028983461427453318,
        0.03441161174915339,
        0.02796875490561912,
        0.014233769499941876,
        0.013287279990158583,
        0.03095844218213307
    ],
    "val_losses": [
        0.9717655620154213,
        1.9542619761298685,
        0.46135332946683844,
        0.6252248696252412,
        0.723036087026783,
        3.8779370551015817,
        0.1493428749781029,
        0.21128412726901324,
        0.1446372285923537,
        0.1674602950612704,
        0.20286881806803683,
        0.7094778605535919,
        0.22778924145534926,
        0.18654050312790216,
        0.1890710904902103,
        0.16864218577450396,
        0.08791441623778905,
        0.1664081678963175,
        0.3474465135265799,
        0.130417807867714,
        0.38045451402956365,
        0.05700354424177432,
        1.4745237266316134,
        0.09949731566559743,
        0.09935365777974035,
        0.38959196429042253,
        0.13487784263184843,
        0.5302803894030113,
        0.16394231570701973,
        0.1986332184032482,
        0.22379186877286902,
        0.12944757806904175
    ],
    "best_accuracy": 0.9607843137254902,
    "best_metrics": {
        "Facebook": {
            "precision": 0.9594594594594594,
            "recall": 0.9726027397260274,
            "f1-score": 0.9659863945578231,
            "support": 73
        },
        "Enron": {
            "precision": 0.9444444444444444,
            "recall": 0.9444444444444444,
            "f1-score": 0.9444444444444444,
            "support": 72
        },
        "Collaboration": {
            "precision": 0.9827586206896551,
            "recall": 0.9661016949152542,
            "f1-score": 0.9743589743589743,
            "support": 59
        },
        "accuracy": 0.9607843137254902,
        "macro avg": {
            "precision": 0.9622208415311864,
            "recall": 0.9610496263619087,
            "f1-score": 0.9615966044537473,
            "support": 204
        },
        "weighted avg": {
            "precision": 0.9608985253001479,
            "recall": 0.9607843137254902,
            "f1-score": 0.9608048347544147,
            "support": 204
        }
    },
    "args": {
        "num_samples": 500,
        "subgraph_size": 100,
        "num_epochs": 100,
        "learning_rate": 0.01,
        "batch_size": 32,
        "print_interval": 10,
        "patience": 10,
        "output_dir": "results_20250603_115754/transformer",
        "model": "transformer",
        "hidden_dim": 64,
        "num_heads": 4
    }
}